{"Less than 1 h": {"Obese": 32.6530612244898, "Overweight": 36.734693877551024, "Normal": 30.612244897959183}, "1-2 h": {"Obese": 35.60606060606061, "Overweight": 37.5, "Normal": 26.893939393939394}, "2-4 h": {"Obese": 40.804597701149426, "Overweight": 35.48850574712644, "Normal": 23.70689655172414}, "4-6 h": {"Obese": 50.68493150684932, "Overweight": 29.794520547945204, "Normal": 19.52054794520548}, "More than 6 h": {"Obese": 54.45544554455446, "Overweight": 24.257425742574256, "Normal": 21.287128712871286}}